event_type,ticket_price,days_before_event,reminder_sent,prior_attendance,cancelled,reminder_opened,checked_in
cultural,100,12,1,1,0,1,1
hackathon,0,12,0,0,0,0,0
cultural,0,21,0,0,0,0,0
cultural,300,28,1,1,0,0,1
hackathon,0,8,0,1,0,0,0
hackathon,300,22,1,1,0,1,1
cultural,300,22,0,1,0,0,1
workshop,100,1,0,1,0,0,0
cultural,100,4,0,1,0,0,0
cultural,100,21,1,0,0,1,1
cultural,300,28,0,1,0,0,1
cultural,100,11,0,1,0,0,1
hackathon,0,3,1,1,0,0,0
cultural,0,13,1,1,0,1,1
workshop,300,25,0,0,0,0,1
hackathon,300,17,1,0,0,1,0
workshop,100,22,0,1,0,0,0
workshop,300,22,0,1,0,0,0
workshop,300,10,1,1,0,1,1
workshop,0,21,1,0,0,1,1
hackathon,0,12,1,0,0,1,1
hackathon,100,15,0,0,0,0,0
workshop,300,21,1,0,1,0,0
workshop,300,10,0,0,1,0,0
hackathon,0,14,1,0,0,0,0
hackathon,300,13,0,1,0,0,0
hackathon,0,5,1,0,0,0,0
cultural,100,6,0,0,0,0,1
cultural,0,24,1,1,0,1,1
cultural,300,2,0,0,0,0,0
workshop,100,22,1,1,0,1,0
cultural,0,17,1,0,0,0,0
workshop,0,4,0,1,0,0,1
workshop,100,14,1,1,0,0,0
cultural,100,10,0,1,0,0,1
workshop,0,3,0,1,0,0,1
cultural,300,25,1,1,0,1,1
cultural,0,3,0,0,0,0,0
hackathon,100,15,1,0,0,1,0
cultural,0,6,1,1,1,0,0
hackathon,100,17,0,1,1,0,0
cultural,100,12,1,1,0,1,1
cultural,300,22,0,0,0,0,0
hackathon,100,20,0,1,0,0,0
hackathon,100,24,1,1,0,1,1
cultural,300,29,1,1,1,1,0
workshop,100,11,0,1,0,0,0
hackathon,300,25,0,0,0,0,0
workshop,300,4,1,1,0,1,1
workshop,100,26,1,1,0,1,1
workshop,100,28,1,0,0,1,1
hackathon,0,26,1,1,0,0,0
workshop,300,6,0,1,0,0,1
hackathon,0,1,1,0,0,0,0
workshop,100,20,0,0,0,0,0
cultural,0,23,0,0,0,0,0
cultural,300,28,1,1,1,0,0
hackathon,0,16,0,1,0,0,0
cultural,300,15,1,0,0,1,0
cultural,100,17,0,0,0,0,0
workshop,100,8,1,0,0,0,1
hackathon,300,28,0,1,0,0,1
workshop,100,26,0,1,0,0,0
workshop,100,12,1,0,0,1,1
workshop,100,27,1,1,0,1,1
workshop,100,22,0,0,0,0,0
workshop,300,21,0,1,0,0,0
workshop,0,10,1,1,0,1,1
workshop,0,27,0,1,0,0,0
hackathon,100,15,1,1,0,1,1
cultural,0,30,0,0,1,0,0
workshop,0,9,1,1,0,1,1
workshop,100,2,0,1,0,0,1
workshop,100,5,1,0,0,1,1
workshop,0,6,1,1,0,1,0
workshop,300,7,0,0,0,0,1
workshop,100,21,1,0,0,1,0
cultural,300,25,0,1,0,0,0
cultural,0,1,1,1,0,1,1
workshop,100,23,1,0,0,1,1
cultural,300,26,1,0,0,0,0
hackathon,100,7,0,0,0,0,1
workshop,0,20,1,1,0,1,1
hackathon,300,25,0,0,1,0,0
hackathon,0,30,1,0,0,0,1
workshop,0,12,0,0,0,0,1
cultural,100,16,0,1,0,0,0
hackathon,300,16,0,0,0,0,0
workshop,0,11,1,1,0,1,1
hackathon,0,21,0,1,0,0,0
hackathon,300,4,1,0,0,1,1
hackathon,0,13,0,1,0,0,0
hackathon,0,7,0,0,0,0,0
cultural,300,4,0,1,0,0,0
hackathon,300,15,0,1,0,0,0
hackathon,300,19,1,0,0,1,0
hackathon,300,9,0,0,0,0,1
cultural,100,11,0,0,0,0,0
hackathon,300,8,1,1,0,1,1
hackathon,100,1,0,1,1,0,0
cultural,100,23,0,0,0,0,0
cultural,100,25,0,0,0,0,0
cultural,0,24,0,1,0,0,1
hackathon,100,8,1,1,0,1,1
cultural,100,13,1,1,0,0,0
cultural,0,22,0,0,0,0,0
hackathon,0,27,1,1,0,0,0
cultural,0,4,1,0,0,1,0
hackathon,300,8,0,1,0,0,1
workshop,0,3,1,1,0,1,1
cultural,0,29,0,0,1,0,0
workshop,100,9,1,0,0,1,1
hackathon,0,29,1,0,0,0,0
cultural,300,2,1,1,0,1,1
hackathon,0,2,0,1,0,0,0
workshop,300,28,1,1,0,1,0
hackathon,0,13,0,0,0,0,0
cultural,0,15,0,1,1,0,0
cultural,0,28,1,0,0,0,0
workshop,0,23,0,0,0,0,0
hackathon,300,12,1,0,0,1,1
cultural,300,26,0,1,0,0,0
workshop,100,4,0,1,0,0,0
cultural,300,26,1,0,0,1,1
cultural,0,8,1,1,0,1,1
hackathon,100,9,1,0,0,1,0
cultural,100,23,1,0,0,1,0
hackathon,100,5,0,1,1,0,0
cultural,0,24,0,0,0,0,0
workshop,300,20,0,0,0,0,0
cultural,0,18,1,1,0,0,0
hackathon,100,11,0,0,0,0,1
hackathon,0,15,1,0,0,1,0
workshop,0,28,0,0,0,0,0
cultural,300,22,1,0,0,0,0
cultural,300,9,0,0,0,0,0
workshop,100,17,0,0,0,0,0
cultural,0,27,1,0,0,1,1
cultural,0,26,0,1,0,0,1
hackathon,300,12,1,1,0,1,1
cultural,0,7,0,0,0,0,1
cultural,0,10,0,0,1,0,0
workshop,0,25,1,1,0,1,0
workshop,300,26,1,1,0,1,1
hackathon,100,25,0,1,0,0,1
cultural,100,10,0,1,0,0,1
cultural,0,27,0,1,0,0,0
cultural,100,13,0,0,0,0,0
hackathon,300,19,0,1,1,0,0
hackathon,300,11,0,1,0,0,1
workshop,100,13,1,1,0,0,1
hackathon,100,21,1,0,0,1,1
cultural,0,8,1,0,0,1,0
cultural,100,8,0,0,0,0,1
hackathon,0,4,0,0,0,0,1
cultural,0,15,0,0,0,0,1
cultural,300,28,1,0,0,0,0
hackathon,300,11,1,1,0,1,1
hackathon,300,11,0,0,0,0,1
cultural,300,1,0,0,1,0,0
cultural,100,17,1,1,0,1,1
cultural,300,15,1,0,0,0,0
workshop,100,20,1,1,0,0,0
workshop,300,6,0,1,0,0,0
workshop,100,24,0,0,1,0,0
hackathon,0,22,0,1,0,0,1
workshop,100,28,1,1,0,1,0
hackathon,100,25,1,1,0,0,1
hackathon,300,15,0,1,0,0,0
workshop,100,9,0,0,0,0,0
workshop,0,14,1,1,0,1,1
workshop,0,18,0,0,1,0,0
cultural,300,26,1,1,1,1,0
workshop,0,17,1,1,0,1,1
cultural,100,18,0,1,0,0,0
hackathon,0,5,1,0,0,0,0
cultural,300,20,0,0,0,0,1
workshop,100,20,1,0,0,1,0
hackathon,300,9,1,1,0,1,0
hackathon,100,11,0,1,0,0,1
hackathon,0,24,1,1,0,1,1
cultural,300,22,0,1,0,0,0
workshop,300,1,0,0,1,0,0
hackathon,100,18,1,1,1,1,0
hackathon,300,6,0,0,0,0,0
hackathon,100,27,0,1,0,0,0
cultural,100,2,0,0,1,0,0
cultural,100,15,0,0,0,0,0
workshop,100,29,0,1,0,0,1
cultural,0,26,0,1,0,0,0
hackathon,100,21,1,0,0,1,0
workshop,300,14,0,1,0,0,0
hackathon,0,5,1,1,0,0,0
hackathon,300,6,1,0,0,1,0
cultural,0,6,0,0,0,0,0
workshop,100,30,1,0,1,1,0
cultural,0,22,1,0,0,1,0
cultural,0,30,0,1,0,0,0
workshop,300,18,0,0,0,0,0
hackathon,300,14,0,0,0,0,0
hackathon,100,10,1,0,0,1,1
workshop,0,14,1,1,1,1,0
hackathon,0,13,0,0,0,0,1
workshop,0,30,0,1,0,0,0
workshop,100,3,1,0,0,0,0
cultural,100,30,1,0,0,0,0
workshop,100,6,1,1,0,0,1
cultural,100,29,1,0,1,0,0
hackathon,100,8,0,0,0,0,0
hackathon,300,12,1,1,0,1,1
hackathon,0,13,1,0,1,1,0
hackathon,0,11,1,0,0,1,1
cultural,0,12,1,0,0,1,1
hackathon,0,1,0,0,0,0,1
workshop,0,17,0,1,0,0,0
workshop,0,16,1,0,0,0,0
workshop,0,11,1,1,0,0,0
cultural,0,13,0,0,0,0,1
hackathon,300,18,0,1,0,0,1
hackathon,0,11,1,0,0,0,1
hackathon,300,28,1,1,0,1,0
cultural,100,12,0,0,0,0,1
workshop,0,6,0,1,0,0,0
workshop,100,9,0,1,0,0,1
hackathon,100,16,0,0,0,0,0
workshop,100,4,0,1,0,0,0
workshop,300,3,0,0,0,0,0
cultural,100,28,1,0,0,1,0
cultural,100,16,0,0,0,0,0
cultural,100,24,0,0,0,0,0
cultural,0,27,0,0,0,0,0
hackathon,0,26,0,1,0,0,1
cultural,300,30,1,0,1,1,0
workshop,300,25,1,0,0,1,1
hackathon,0,12,0,0,1,0,0
workshop,300,11,1,0,0,1,1
workshop,0,5,1,0,0,1,1
workshop,100,25,1,0,0,1,0
cultural,100,18,1,1,1,1,0
cultural,300,19,1,1,0,0,0
hackathon,0,23,1,0,0,1,0
hackathon,0,23,0,1,1,0,0
cultural,300,6,0,0,0,0,0
workshop,0,22,0,0,0,0,1
hackathon,100,18,0,0,0,0,0
cultural,300,26,0,0,0,0,0
cultural,300,6,1,0,0,0,0
cultural,0,4,0,1,0,0,0
workshop,300,12,0,1,0,0,1
cultural,0,19,1,1,0,1,1
cultural,0,29,1,1,1,1,0
cultural,0,27,0,0,1,0,0
cultural,0,29,1,1,0,1,1
hackathon,0,2,1,0,0,1,0
hackathon,300,17,1,1,0,0,1
cultural,100,11,1,1,0,1,1
workshop,100,11,0,1,0,0,0
hackathon,300,21,1,1,0,1,1
cultural,300,16,0,0,0,0,0
hackathon,100,2,0,1,0,0,0
hackathon,100,2,1,1,0,1,1
workshop,100,23,1,0,0,1,0
cultural,100,8,1,0,0,0,1
cultural,100,13,0,1,0,0,0
workshop,0,10,1,0,0,1,0
workshop,300,8,1,0,0,1,1
cultural,0,30,1,0,0,0,1
cultural,100,4,1,1,0,1,1
workshop,100,15,1,0,0,1,0
hackathon,100,30,0,1,0,0,1
hackathon,0,1,1,1,0,1,1
workshop,0,11,1,1,0,0,1
hackathon,100,7,1,1,1,1,0
workshop,0,17,0,0,0,0,0
hackathon,0,27,1,1,0,1,1
hackathon,100,20,0,0,0,0,0
cultural,0,24,0,1,0,0,0
cultural,300,18,1,0,0,1,0
hackathon,300,22,1,1,0,1,0
hackathon,300,29,1,0,0,1,1
cultural,300,22,0,1,0,0,1
cultural,100,12,0,1,0,0,0
cultural,100,9,0,0,1,0,0
workshop,100,5,0,1,1,0,0
hackathon,300,10,0,1,0,0,1
cultural,300,4,0,1,0,0,0
hackathon,0,5,1,0,0,1,1
workshop,0,28,1,1,0,0,0
workshop,300,28,0,1,0,0,0
cultural,300,10,1,0,0,1,1
workshop,300,11,1,0,1,1,0
hackathon,300,21,0,0,1,0,0
cultural,0,24,0,0,0,0,0
hackathon,300,10,1,0,0,0,1
hackathon,0,28,0,1,0,0,1
workshop,300,8,0,1,0,0,1
workshop,300,2,1,1,0,1,1
workshop,300,23,0,0,0,0,0
workshop,0,8,1,1,0,1,0
workshop,0,16,1,0,0,1,0
cultural,100,27,1,0,0,1,1
hackathon,300,22,1,1,0,0,0
hackathon,100,5,1,0,0,0,0
hackathon,100,27,0,0,0,0,0
hackathon,0,25,0,1,0,0,0
workshop,0,29,0,0,0,0,0
hackathon,100,3,0,0,0,0,0
cultural,300,12,1,1,0,1,1
cultural,0,13,1,0,0,1,0
hackathon,300,13,0,0,0,0,1
hackathon,300,10,1,1,0,1,1
cultural,100,4,0,1,0,0,0
cultural,100,9,0,1,0,0,1
workshop,100,22,0,1,0,0,0
cultural,100,24,1,0,0,0,0
workshop,0,23,1,0,0,1,0
workshop,0,27,1,1,0,1,1
workshop,100,2,1,0,0,1,0
workshop,0,19,0,0,0,0,1
workshop,100,1,1,1,0,0,1
hackathon,300,25,1,1,0,1,0
cultural,300,29,1,0,1,1,0
workshop,300,7,0,1,0,0,0
cultural,100,17,0,1,1,0,0
cultural,300,3,1,1,1,1,0
workshop,0,20,1,0,0,1,0
hackathon,300,20,1,1,0,1,0
workshop,300,21,1,0,0,0,0
hackathon,300,30,0,0,1,0,0
cultural,0,3,1,0,0,1,0
hackathon,100,3,1,1,0,1,0
hackathon,0,17,1,1,0,1,1
hackathon,100,7,0,1,0,0,1
cultural,100,27,0,1,0,0,0
cultural,300,26,1,1,0,1,1
hackathon,100,14,1,0,0,1,1
hackathon,0,17,1,0,0,1,0
workshop,0,18,1,0,0,1,0
hackathon,100,13,1,1,0,0,1
workshop,300,20,0,0,0,0,1
hackathon,300,29,0,0,0,0,0
workshop,0,20,0,1,0,0,0
cultural,300,21,1,1,0,1,0
hackathon,100,27,0,0,0,0,0
hackathon,100,18,0,0,0,0,0
hackathon,0,4,0,1,0,0,1
hackathon,100,1,1,1,0,1,1
workshop,0,18,1,1,0,0,0
hackathon,100,1,0,1,0,0,1
cultural,0,26,1,0,0,1,1
cultural,300,26,0,0,0,0,0
hackathon,100,13,0,1,0,0,1
cultural,100,20,0,0,0,0,0
hackathon,0,20,0,0,1,0,0
hackathon,0,23,1,1,1,1,0
cultural,100,10,1,0,0,0,0
hackathon,0,27,1,0,0,1,0
cultural,100,11,1,0,0,1,1
workshop,300,9,0,1,0,0,1
hackathon,0,9,1,1,0,1,1
workshop,100,5,0,0,0,0,0
cultural,300,26,1,1,0,0,0
workshop,300,1,1,1,0,1,1
workshop,100,17,1,1,0,0,0
cultural,0,22,0,0,0,0,0
workshop,100,2,0,0,0,0,0
workshop,300,24,0,1,0,0,0
cultural,100,13,0,0,0,0,0
workshop,0,9,1,0,0,1,0
cultural,300,29,0,0,0,0,0
workshop,100,4,0,0,0,0,0
cultural,0,5,1,0,0,0,0
cultural,300,11,1,1,0,1,1
workshop,0,24,0,0,0,0,0
workshop,300,19,1,0,1,1,0
workshop,100,21,0,0,0,0,0
hackathon,0,3,1,1,0,1,1
hackathon,300,12,0,1,0,0,0
hackathon,0,26,0,1,0,0,1
cultural,0,19,0,0,0,0,0
workshop,100,19,0,1,0,0,1
cultural,0,13,0,1,0,0,0
hackathon,300,28,1,1,0,0,1
workshop,300,7,0,1,0,0,1
cultural,300,15,0,0,0,0,0
workshop,300,23,0,1,0,0,0
cultural,100,7,0,1,0,0,0
workshop,0,26,0,0,0,0,0
hackathon,100,8,1,0,0,1,0
hackathon,0,5,1,1,0,1,1
workshop,0,21,0,0,0,0,0
cultural,0,14,1,1,0,1,1
hackathon,100,4,0,0,0,0,0
hackathon,0,23,1,0,0,0,0
hackathon,100,10,1,1,0,1,1
workshop,300,20,0,0,0,0,0
workshop,300,15,1,1,0,1,0
cultural,0,18,1,0,0,1,1
cultural,100,20,0,1,0,0,0
cultural,300,13,0,0,0,0,0
workshop,100,29,1,0,0,1,0
workshop,100,8,1,0,1,1,0
cultural,0,9,1,0,0,1,0
cultural,300,16,0,0,0,0,0
workshop,0,19,1,1,0,1,1
cultural,0,16,1,0,0,1,1
hackathon,300,7,1,1,0,1,1
workshop,300,14,0,1,0,0,0
cultural,100,28,0,1,1,0,0
workshop,300,14,0,0,0,0,0
hackathon,100,25,0,1,0,0,0
workshop,100,27,1,0,0,1,0
workshop,100,4,0,1,0,0,1
workshop,300,26,1,1,0,1,1
workshop,0,15,1,1,0,1,1
hackathon,100,3,1,1,0,1,1
workshop,0,5,1,1,0,0,1
workshop,0,1,0,0,1,0,0
cultural,300,3,0,1,0,0,1
workshop,0,15,0,1,0,0,0
cultural,0,24,0,0,1,0,0
hackathon,300,27,0,0,0,0,0
hackathon,100,8,1,0,0,1,1
hackathon,0,29,0,1,0,0,0
hackathon,300,4,0,1,0,0,1
cultural,0,2,0,1,0,0,0
workshop,0,29,0,1,0,0,0
hackathon,100,24,1,1,0,1,1
workshop,0,24,1,1,0,0,1
cultural,300,10,1,0,0,1,1
cultural,0,4,1,0,0,1,1
cultural,100,3,1,1,0,1,1
hackathon,100,2,0,1,0,0,1
workshop,300,25,1,1,0,1,1
workshop,100,17,1,1,0,0,1
workshop,0,23,1,1,0,0,0
cultural,100,21,0,0,0,0,0
hackathon,300,24,0,0,0,0,0
cultural,100,20,1,1,0,1,1
cultural,100,23,0,0,0,0,0
workshop,100,13,0,1,0,0,1
cultural,300,5,1,1,0,1,1
workshop,100,30,0,1,0,0,0
hackathon,100,21,0,0,0,0,0
workshop,0,30,0,0,0,0,0
hackathon,300,9,1,1,0,1,1
workshop,100,25,1,0,0,1,0
cultural,300,29,1,0,0,1,0
cultural,100,25,0,1,0,0,0
hackathon,100,28,1,0,0,1,0
hackathon,100,22,0,0,0,0,0
hackathon,0,6,0,1,0,0,1
workshop,0,5,0,1,1,0,0
workshop,0,25,1,0,0,1,0
hackathon,300,10,1,1,0,1,1
cultural,300,8,1,0,0,0,1
workshop,0,7,1,1,1,1,0
workshop,300,7,0,1,0,0,0
workshop,100,6,1,1,1,1,0
hackathon,100,21,0,1,0,0,1
hackathon,100,29,1,0,0,1,0
hackathon,0,20,1,1,0,0,0
hackathon,300,3,1,1,0,1,1
hackathon,0,19,0,1,0,0,0
cultural,300,22,0,0,0,0,1
cultural,100,15,0,0,1,0,0
hackathon,0,4,0,1,0,0,0
workshop,300,28,0,1,0,0,1
hackathon,300,12,1,1,0,0,1
cultural,100,6,0,1,0,0,1
cultural,0,19,0,1,0,0,1
workshop,0,4,0,1,0,0,0
cultural,0,15,0,0,0,0,0
hackathon,100,9,1,1,1,1,0
workshop,0,5,0,1,0,0,0
hackathon,100,13,1,1,0,1,1
hackathon,100,23,1,1,0,1,1
workshop,100,26,1,1,0,0,0
hackathon,300,18,0,1,0,0,1
cultural,0,30,1,0,0,0,0
hackathon,0,30,0,0,0,0,0
workshop,100,5,0,0,0,0,0
workshop,100,25,0,0,0,0,0
workshop,0,16,0,0,0,0,0
hackathon,100,27,0,0,0,0,0
workshop,0,19,1,1,0,1,1
workshop,300,14,1,1,1,0,0
hackathon,100,25,0,1,0,0,1
cultural,0,30,1,1,0,1,1
hackathon,100,16,0,1,0,0,0
workshop,0,27,1,1,0,1,1
workshop,0,15,1,0,0,1,0
hackathon,100,22,1,1,0,1,1
cultural,300,4,1,0,0,1,1
workshop,0,7,1,0,1,1,0
workshop,0,16,0,1,0,0,0
workshop,0,24,0,1,0,0,0
hackathon,300,22,1,1,0,1,1
workshop,300,21,0,1,0,0,0
cultural,100,22,1,1,0,1,1
workshop,300,21,0,1,0,0,0
workshop,100,8,1,1,0,1,1
cultural,100,17,1,0,0,1,0
workshop,300,16,1,1,0,1,0
hackathon,100,27,0,1,0,0,0
hackathon,300,23,0,0,0,0,0
hackathon,100,10,1,1,0,1,1
cultural,300,10,1,1,0,1,1
workshop,300,27,0,0,0,0,0
hackathon,100,2,0,1,0,0,0
cultural,0,30,0,1,0,0,0
workshop,100,9,0,1,0,0,0
cultural,300,17,0,1,0,0,1
hackathon,0,11,1,1,0,1,0
hackathon,100,10,0,1,0,0,0
hackathon,100,22,1,0,0,1,0
cultural,100,25,1,1,1,1,0
cultural,0,17,0,1,0,0,0
hackathon,300,4,0,0,1,0,0
cultural,100,16,1,0,0,1,0
hackathon,100,20,0,1,0,0,0
hackathon,100,15,1,0,0,1,0
workshop,100,25,0,1,0,0,1
cultural,100,27,0,1,0,0,1
hackathon,300,21,0,0,1,0,0
hackathon,300,5,1,1,0,1,0
cultural,100,6,0,1,0,0,0
workshop,0,17,1,0,0,1,0
workshop,300,1,0,0,0,0,0
hackathon,0,25,1,0,1,1,0
cultural,300,19,0,0,0,0,0
workshop,100,4,1,1,0,1,1
cultural,300,17,1,0,0,1,1
cultural,100,9,1,0,0,0,0
hackathon,300,24,1,0,1,1,0
workshop,100,2,1,0,0,1,1
hackathon,100,8,1,0,0,1,1
workshop,100,15,0,1,0,0,1
workshop,100,7,1,0,0,1,0
workshop,0,27,1,1,0,1,1
workshop,100,6,1,0,0,1,0
workshop,0,1,0,0,0,0,0
cultural,0,15,0,0,0,0,0
hackathon,100,23,0,0,0,0,0
cultural,0,26,1,0,0,0,1
workshop,300,7,0,0,0,0,1
hackathon,100,29,0,0,0,0,0
workshop,0,30,1,0,0,1,1
hackathon,100,25,1,1,0,0,1
cultural,100,17,0,0,0,0,0
hackathon,100,2,1,1,0,1,1
hackathon,0,27,1,0,1,0,0
hackathon,300,9,1,1,0,1,1
hackathon,300,29,1,0,1,1,0
hackathon,0,9,0,0,0,0,1
workshop,100,13,1,0,0,0,1
hackathon,0,6,0,1,0,0,1
hackathon,0,6,0,1,0,0,1
cultural,0,20,0,1,0,0,0
hackathon,100,20,0,1,0,0,1
cultural,0,21,1,0,0,1,1
workshop,100,3,1,0,0,1,1
hackathon,0,17,1,0,0,1,0
cultural,300,17,0,1,0,0,0
cultural,0,12,0,0,0,0,0
workshop,0,16,0,1,0,0,0
hackathon,300,15,1,1,0,0,0
hackathon,100,13,0,1,0,0,1
cultural,100,23,1,1,0,0,1
hackathon,0,1,1,1,0,1,1
cultural,300,17,1,0,0,0,0
hackathon,100,3,1,1,0,1,0
cultural,0,26,0,1,0,0,0
hackathon,300,15,1,0,0,0,0
workshop,100,4,0,1,0,0,0
hackathon,100,4,1,1,0,1,1
hackathon,300,18,0,0,0,0,0
workshop,300,17,0,0,0,0,0
hackathon,300,19,1,0,0,1,1
workshop,300,11,1,1,0,1,1
hackathon,0,20,1,0,0,1,1
cultural,300,3,0,0,0,0,0
cultural,100,8,1,0,0,1,1
hackathon,100,14,1,1,0,1,1
hackathon,0,26,0,0,0,0,1
hackathon,100,1,1,1,0,1,1
cultural,100,14,0,1,0,0,0
hackathon,300,2,1,0,0,1,1
cultural,100,29,0,1,0,0,0
workshop,0,23,0,1,0,0,0
cultural,300,4,1,0,1,1,0
cultural,300,24,0,1,0,0,0
workshop,0,27,1,0,0,1,0
cultural,300,29,1,1,0,1,1
hackathon,300,19,0,1,0,0,0
hackathon,0,6,1,0,0,1,0
cultural,300,25,0,0,0,0,1
hackathon,0,1,0,1,0,0,0
cultural,0,17,0,1,1,0,0
hackathon,100,8,0,0,0,0,0
hackathon,100,19,0,1,0,0,1
cultural,300,21,0,1,0,0,1
hackathon,300,1,0,1,0,0,1
cultural,0,5,0,1,0,0,0
hackathon,300,27,1,0,0,0,1
hackathon,0,16,1,0,0,1,1
workshop,0,6,0,0,0,0,0
workshop,300,8,1,0,0,0,0
cultural,0,13,1,0,0,1,1
workshop,100,16,1,0,1,1,0
cultural,300,30,1,1,0,0,0
workshop,100,3,1,0,0,0,0
hackathon,300,19,1,1,0,1,0
cultural,0,12,0,1,0,0,1
cultural,300,16,1,1,0,0,0
hackathon,100,27,1,0,0,1,1
cultural,0,11,1,1,1,0,0
cultural,300,10,1,0,1,1,0
workshop,300,25,0,1,0,0,0
cultural,300,20,0,1,0,0,1
hackathon,100,4,0,0,0,0,0
workshop,100,12,0,1,1,0,0
workshop,300,23,1,1,0,1,0
hackathon,0,2,0,1,0,0,1
hackathon,0,24,0,1,0,0,0
workshop,100,22,0,0,0,0,0
cultural,0,19,0,1,0,0,0
workshop,100,25,1,1,0,0,0
hackathon,300,5,0,0,0,0,1
workshop,100,8,1,1,1,1,0
hackathon,100,7,0,1,0,0,0
workshop,300,14,1,1,0,1,1
cultural,0,24,1,1,0,1,1
workshop,100,23,0,0,0,0,0
workshop,100,3,0,1,0,0,1
hackathon,300,18,0,0,0,0,0
hackathon,0,16,0,1,0,0,0
hackathon,100,23,1,1,1,1,0
workshop,300,19,1,1,0,1,0
cultural,100,19,0,0,0,0,0
hackathon,300,18,0,1,0,0,1
hackathon,0,20,1,1,0,1,0
workshop,0,16,0,0,0,0,0
hackathon,0,8,1,0,0,0,0
cultural,0,28,0,0,0,0,0
cultural,100,1,1,0,0,1,0
hackathon,100,17,1,1,1,1,0
hackathon,0,12,1,1,0,1,1
workshop,0,30,1,1,0,1,1
cultural,0,21,1,1,0,0,0
cultural,100,11,0,0,0,0,0
hackathon,0,5,1,1,0,0,0
workshop,0,27,0,1,0,0,0
cultural,0,12,1,1,0,1,0
cultural,300,17,1,1,0,1,0
workshop,0,6,0,0,0,0,0
workshop,300,1,0,1,0,0,1
cultural,300,5,0,1,0,0,1
cultural,0,25,0,1,1,0,0
workshop,300,28,1,0,0,1,0
cultural,0,14,0,0,0,0,1
hackathon,100,5,1,1,0,0,1
hackathon,100,22,0,1,0,0,0
workshop,100,24,0,1,1,0,0
workshop,100,27,1,0,0,0,0
workshop,300,1,1,1,0,0,0
hackathon,0,30,0,1,0,0,0
cultural,0,18,1,1,0,1,1
hackathon,0,16,1,0,0,1,0
cultural,100,9,1,1,0,1,1
hackathon,100,19,1,1,0,1,1
cultural,0,22,1,0,0,0,1
hackathon,100,5,1,0,0,0,0
workshop,0,27,1,1,0,0,0
hackathon,0,2,1,0,0,0,0
cultural,0,30,0,1,0,0,0
hackathon,0,15,1,0,0,1,0
hackathon,0,7,0,0,0,0,0
hackathon,0,4,1,1,0,1,1
workshop,0,1,1,1,0,1,1
hackathon,100,13,1,1,0,1,1
workshop,0,20,1,0,0,1,0
workshop,0,22,0,1,0,0,1
hackathon,100,7,0,1,0,0,1
hackathon,100,15,1,1,0,0,0
hackathon,100,23,0,1,0,0,0
cultural,0,14,1,1,0,1,1
hackathon,300,23,1,0,0,1,1
workshop,300,19,0,1,0,0,0
hackathon,100,22,0,1,0,0,0
cultural,300,29,1,0,0,1,1
hackathon,100,24,1,1,0,1,0
cultural,0,20,0,1,0,0,1
cultural,300,29,1,1,0,1,0
hackathon,0,24,0,1,0,0,1
workshop,300,18,1,1,0,1,0
cultural,0,10,1,0,0,1,1
hackathon,300,9,0,0,1,0,0
hackathon,0,25,0,0,0,0,0
workshop,0,8,0,1,0,0,0
cultural,300,26,1,0,0,1,1
cultural,0,30,1,1,0,1,1
hackathon,0,29,1,1,0,1,1
hackathon,0,10,1,1,0,1,1
workshop,300,17,0,0,0,0,0
workshop,300,2,1,0,1,1,0
cultural,0,6,1,0,0,0,0
cultural,0,26,1,1,0,1,0
hackathon,300,5,0,0,0,0,0
cultural,300,28,1,1,0,1,1
workshop,0,30,1,0,0,0,0
workshop,0,9,0,0,0,0,0
hackathon,0,5,1,1,0,1,0
workshop,100,18,1,1,0,0,0
workshop,300,26,0,0,0,0,0
workshop,100,20,1,0,0,1,0
workshop,300,9,1,0,0,1,1
hackathon,300,17,1,1,0,0,1
hackathon,300,27,0,1,0,0,0
cultural,300,17,1,0,1,1,0
workshop,300,12,1,0,0,1,1
cultural,300,7,0,1,0,0,1
hackathon,300,27,0,0,1,0,0
hackathon,100,3,1,1,0,1,1
hackathon,0,10,1,1,0,0,0
hackathon,0,2,1,1,0,1,0
hackathon,100,25,1,1,0,1,1
hackathon,100,3,0,1,0,0,1
hackathon,100,16,1,1,1,0,0
workshop,100,2,0,0,0,0,0
cultural,300,28,0,1,0,0,1
hackathon,0,24,1,1,0,1,0
workshop,300,10,1,0,0,1,0
workshop,0,6,0,1,0,0,1
cultural,0,22,0,0,0,0,0
hackathon,100,26,1,1,0,1,0
cultural,300,11,0,0,0,0,0
hackathon,100,23,1,0,0,0,0
workshop,300,7,1,1,0,1,0
workshop,0,27,0,1,0,0,1
workshop,100,29,0,1,0,0,1
workshop,100,15,1,1,0,1,1
cultural,0,6,0,0,0,0,0
hackathon,0,20,1,0,1,1,0
hackathon,0,27,1,0,0,1,0
cultural,100,9,1,1,0,1,1
hackathon,300,22,0,0,0,0,0
workshop,100,20,1,1,0,1,0
hackathon,300,12,1,1,0,0,1
workshop,100,19,1,0,0,1,0
cultural,100,20,1,1,0,0,0
hackathon,0,3,1,0,0,0,1
cultural,300,15,1,1,0,0,1
hackathon,100,2,1,0,0,0,1
workshop,100,30,1,1,0,1,1
cultural,0,21,1,0,0,1,0
hackathon,0,2,1,0,0,1,0
workshop,300,22,1,1,0,1,1
cultural,100,3,0,1,0,0,0
cultural,300,6,1,0,1,0,0
hackathon,100,15,1,1,0,1,1
hackathon,300,27,1,1,1,1,0
hackathon,0,10,0,1,0,0,1
workshop,100,9,1,0,0,1,1
hackathon,300,1,0,0,0,0,1
cultural,0,16,1,1,0,0,1
cultural,0,6,1,1,0,1,0
hackathon,300,9,0,0,0,0,0
hackathon,100,27,1,1,0,0,0
cultural,100,4,0,0,1,0,0
workshop,0,27,0,1,0,0,1
hackathon,100,28,1,1,0,1,1
hackathon,100,2,1,1,0,0,0
cultural,100,29,1,0,0,1,1
hackathon,0,4,1,0,0,1,1
workshop,300,1,0,0,0,0,0
cultural,100,19,0,0,0,0,0
hackathon,0,26,1,1,0,1,0
cultural,0,25,0,1,0,0,0
hackathon,300,10,0,0,0,0,1
hackathon,100,21,1,1,0,1,1
hackathon,100,15,0,1,0,0,1
workshop,300,27,0,0,1,0,0
workshop,300,22,1,1,0,1,1
cultural,0,19,0,1,1,0,0
hackathon,0,16,1,0,0,1,1
hackathon,300,21,0,1,0,0,0
workshop,100,27,1,1,0,1,0
hackathon,0,24,0,1,0,0,1
workshop,0,22,0,0,0,0,0
hackathon,100,4,1,0,0,1,1
cultural,0,2,1,1,0,1,0
hackathon,100,30,1,1,0,1,1
hackathon,100,25,1,1,0,1,1
workshop,100,13,0,0,1,0,0
hackathon,300,28,0,0,0,0,0
hackathon,300,1,0,0,0,0,0
workshop,300,17,1,1,0,0,1
cultural,100,13,0,1,0,0,1
cultural,100,4,0,1,0,0,0
workshop,300,7,1,1,1,0,0
workshop,0,17,1,1,0,1,1
workshop,100,9,0,0,0,0,0
workshop,0,4,1,1,0,1,1
workshop,0,19,0,1,1,0,0
cultural,100,1,0,1,0,0,0
cultural,100,10,1,0,0,0,0
workshop,0,4,0,1,0,0,1
hackathon,0,9,1,0,0,1,1
workshop,300,13,1,0,0,0,0
hackathon,300,14,0,0,0,0,0
workshop,100,10,0,0,0,0,0
workshop,300,6,0,0,0,0,0
cultural,300,16,1,1,0,1,1
hackathon,300,6,0,1,0,0,1
hackathon,300,17,1,0,0,1,0
cultural,0,10,1,0,0,1,0
cultural,100,18,0,0,0,0,0
cultural,300,27,1,1,0,1,1
cultural,0,22,0,1,0,0,0
hackathon,0,18,0,0,0,0,0
hackathon,0,3,0,1,0,0,1
workshop,300,20,0,1,0,0,1
workshop,300,27,0,0,0,0,0
cultural,100,21,0,0,0,0,1
cultural,300,25,0,1,0,0,0
cultural,300,28,1,1,0,1,1
workshop,0,15,0,1,0,0,0
workshop,100,15,1,0,0,1,0
workshop,300,4,1,0,0,0,0
workshop,300,29,1,0,0,1,0
workshop,0,27,0,1,0,0,0
workshop,0,9,1,1,0,1,1
workshop,300,27,1,0,0,1,0
cultural,100,26,0,1,1,0,0
cultural,100,19,0,0,0,0,0
cultural,0,24,1,1,0,1,0
cultural,0,28,0,0,0,0,0
workshop,300,17,0,1,1,0,0
hackathon,0,11,0,1,0,0,1
workshop,300,25,0,0,0,0,0
hackathon,100,9,1,0,1,1,0
cultural,100,10,0,0,0,0,0
workshop,300,18,0,0,0,0,0
cultural,0,20,0,0,0,0,0
workshop,100,13,1,1,0,1,1
cultural,0,8,1,0,0,0,0
hackathon,100,7,0,0,0,0,0
hackathon,300,17,0,0,0,0,0
hackathon,300,21,1,0,0,1,0
workshop,300,23,0,0,0,0,0
hackathon,100,15,0,1,0,0,0
workshop,0,20,1,0,0,1,0
hackathon,0,15,0,0,0,0,0
hackathon,0,1,0,0,0,0,0
workshop,100,25,1,1,1,0,0
workshop,100,14,1,1,0,1,1
hackathon,100,5,0,0,0,0,0
workshop,100,11,1,0,1,1,0
hackathon,100,16,0,1,0,0,0
workshop,0,2,0,1,0,0,1
cultural,100,8,0,1,1,0,0
cultural,100,11,1,0,0,0,0
cultural,0,29,1,0,0,0,0
cultural,100,18,0,1,0,0,1
cultural,0,3,0,0,0,0,0
hackathon,0,30,1,1,0,1,0
cultural,300,26,1,1,0,1,1
cultural,300,1,1,1,0,1,1
cultural,300,11,0,0,0,0,0
cultural,300,16,1,1,0,1,0
workshop,100,18,1,1,0,1,1
hackathon,300,30,0,0,0,0,1
cultural,0,16,0,1,0,0,0
cultural,100,23,0,0,0,0,0
cultural,300,10,1,1,0,0,1
hackathon,0,18,0,0,0,0,0
workshop,100,6,0,1,0,0,0
hackathon,100,19,0,1,0,0,1
workshop,300,4,0,1,0,0,1
cultural,100,27,1,1,0,0,0
cultural,0,13,0,1,0,0,1
hackathon,100,24,1,0,0,0,0
hackathon,0,14,1,0,0,1,1
workshop,100,3,1,1,1,0,0
workshop,300,10,0,1,0,0,1
hackathon,0,6,1,1,0,1,1
workshop,100,1,0,0,0,0,0
hackathon,100,23,0,0,0,0,0
workshop,100,24,0,1,0,0,0
hackathon,0,27,1,0,0,1,0
hackathon,0,14,0,1,0,0,1
hackathon,0,8,0,1,1,0,0
workshop,300,19,0,1,1,0,0
workshop,300,14,1,0,0,0,1
workshop,0,10,1,1,0,1,1
hackathon,100,17,1,1,0,0,1
workshop,300,9,0,1,0,0,0
workshop,0,29,1,0,0,0,0
hackathon,100,6,0,0,0,0,0
cultural,300,11,0,0,0,0,0
hackathon,100,25,1,1,0,1,1
workshop,100,7,0,0,0,0,0
hackathon,100,17,1,1,0,1,1
cultural,100,28,0,0,0,0,0
hackathon,300,28,1,1,0,1,1
workshop,300,1,0,0,0,0,0
cultural,300,22,0,1,0,0,0
workshop,0,5,0,0,0,0,1
cultural,300,9,0,0,0,0,0
cultural,100,18,0,0,0,0,0
hackathon,300,24,1,1,0,0,0
hackathon,100,27,0,0,0,0,0
workshop,0,21,1,0,0,1,0
hackathon,100,2,1,0,0,1,0
hackathon,100,29,1,0,0,1,0
cultural,100,26,0,1,0,0,0
hackathon,0,11,0,0,0,0,0
cultural,300,27,0,1,0,0,1
cultural,300,28,1,1,0,1,0
cultural,0,6,0,1,0,0,0
workshop,100,26,0,1,0,0,1
workshop,300,8,1,0,0,0,0
workshop,0,4,1,1,0,0,0
cultural,300,18,1,1,0,0,0
workshop,0,28,1,1,0,1,0
workshop,100,11,1,1,1,1,0
hackathon,300,5,1,0,0,1,1
workshop,0,15,0,0,0,0,0
workshop,300,28,1,1,0,1,1
cultural,300,18,0,1,0,0,0
cultural,300,2,0,1,0,0,0
cultural,300,22,0,0,0,0,0
cultural,0,11,1,0,0,1,1
cultural,100,26,0,0,0,0,0
cultural,0,25,1,0,0,1,0
workshop,0,13,1,0,0,1,0
cultural,0,4,0,1,0,0,0
cultural,100,22,1,0,0,1,1
hackathon,300,7,0,0,0,0,0
workshop,300,29,0,1,0,0,0
workshop,300,11,1,0,0,0,0
workshop,100,22,0,0,0,0,0
cultural,300,24,0,0,0,0,1
cultural,100,4,0,1,0,0,1
cultural,300,28,1,0,0,1,0
hackathon,300,15,0,1,0,0,0
cultural,0,1,1,1,0,1,1
hackathon,100,23,1,0,0,1,0
workshop,0,3,0,0,0,0,1
cultural,0,14,0,0,0,0,0
hackathon,0,6,1,0,0,0,0
hackathon,100,18,1,1,0,1,1
cultural,100,25,0,0,0,0,0
workshop,300,1,0,1,0,0,0
workshop,0,6,1,1,0,1,1
workshop,300,6,1,1,0,1,1
hackathon,0,21,1,1,0,0,1
hackathon,100,16,1,1,0,1,1
hackathon,100,29,1,0,0,1,0
hackathon,100,5,0,1,0,0,1
workshop,0,17,1,1,0,1,1
cultural,100,10,1,0,0,0,0
hackathon,0,28,0,0,0,0,0
hackathon,300,21,0,1,0,0,0
workshop,0,18,1,1,0,0,1
cultural,300,7,1,0,0,0,0
cultural,0,3,0,1,0,0,0
workshop,300,13,1,0,0,1,1
workshop,100,15,1,0,0,1,1
cultural,300,20,0,1,0,0,0
hackathon,100,19,1,0,0,1,1
cultural,100,3,0,1,0,0,1
workshop,300,4,0,1,0,0,0
hackathon,0,5,0,1,0,0,1
hackathon,0,1,0,0,0,0,0
workshop,0,4,1,1,0,1,0
workshop,0,12,0,0,0,0,0
workshop,0,28,1,1,0,0,0
cultural,100,27,1,1,0,0,1
cultural,0,24,1,0,0,1,0
hackathon,100,10,1,1,0,1,1
workshop,100,23,1,1,0,1,0
hackathon,100,25,0,0,0,0,0
hackathon,300,21,0,0,0,0,0
hackathon,300,29,0,0,0,0,0
hackathon,100,26,0,1,0,0,1
workshop,300,20,1,0,0,1,0
hackathon,0,24,0,0,0,0,1
workshop,0,25,1,1,0,1,1
workshop,100,13,1,0,0,1,1
cultural,0,23,0,1,0,0,0
workshop,100,14,0,1,0,0,1
cultural,100,23,0,0,0,0,0
workshop,0,5,0,1,0,0,0
workshop,300,4,1,0,0,1,1
workshop,0,14,1,0,0,1,0
cultural,0,10,0,0,0,0,0
cultural,100,17,1,0,0,1,0
hackathon,100,10,1,1,0,1,1
cultural,100,26,1,1,0,1,1
cultural,100,7,0,0,0,0,0
cultural,300,16,1,0,0,1,1
cultural,300,1,0,1,0,0,1
hackathon,300,17,0,0,0,0,0
cultural,100,21,1,1,0,1,1
workshop,100,29,1,0,0,0,0
workshop,100,9,0,1,0,0,1
cultural,300,6,1,1,1,0,0
cultural,100,19,1,1,0,1,1
workshop,0,13,0,0,0,0,0
workshop,0,3,0,0,0,0,0
hackathon,100,7,0,0,0,0,1
workshop,0,22,0,0,0,0,0
workshop,0,9,1,0,1,1,0
cultural,300,22,1,1,0,1,1
workshop,100,5,0,1,0,0,1
hackathon,100,10,0,1,1,0,0
workshop,300,23,0,1,0,0,0
cultural,0,17,1,1,0,1,1
cultural,0,12,0,1,0,0,0
workshop,100,23,1,1,0,0,1
cultural,0,16,0,0,0,0,0
hackathon,300,3,0,1,1,0,0
hackathon,300,30,0,0,0,0,0
workshop,100,25,1,1,0,1,1
workshop,300,22,1,1,0,1,1
workshop,300,9,1,0,0,1,0
cultural,100,29,0,1,0,0,0
hackathon,300,15,1,0,0,0,1
hackathon,300,5,1,1,0,0,1
cultural,300,23,0,0,0,0,0
hackathon,0,13,0,1,0,0,1
workshop,100,14,1,0,0,1,0
workshop,100,20,1,0,0,1,0
workshop,100,15,1,1,0,1,1
hackathon,0,16,1,1,0,1,0
workshop,0,23,0,0,0,0,0
cultural,100,13,0,1,0,0,1
cultural,0,17,0,0,0,0,0
hackathon,100,23,1,1,0,0,0
cultural,0,8,1,0,0,1,1
cultural,300,21,0,1,0,0,0
hackathon,300,2,0,0,0,0,0
workshop,100,5,1,1,0,1,1
workshop,0,6,1,0,0,1,0
workshop,0,12,0,0,1,0,0
hackathon,300,18,0,1,0,0,1
cultural,300,30,0,1,0,0,1
workshop,0,22,1,0,0,1,0
workshop,0,22,1,0,0,0,0
hackathon,0,1,1,0,0,1,1
workshop,0,30,1,0,0,1,1
hackathon,0,17,1,1,0,1,0
cultural,0,30,1,0,0,1,0
hackathon,100,11,0,0,0,0,0
hackathon,0,10,0,0,1,0,0
hackathon,300,19,1,1,0,1,1
hackathon,100,14,0,0,0,0,0
cultural,0,26,1,1,0,0,1
cultural,300,10,0,1,0,0,1
workshop,100,15,1,1,0,1,1
cultural,300,28,0,1,0,0,1
cultural,0,19,0,1,0,0,0
workshop,0,4,1,1,0,0,0
cultural,0,2,1,1,0,1,1
hackathon,0,9,0,0,1,0,0
hackathon,100,10,0,0,0,0,0
workshop,100,28,1,1,0,1,1
workshop,300,11,0,0,0,0,1
workshop,0,14,1,0,0,1,1
hackathon,300,7,1,1,0,1,1
cultural,100,23,0,0,0,0,0
hackathon,0,15,1,1,0,1,1
workshop,0,22,0,0,0,0,1
cultural,100,19,0,1,0,0,1
cultural,100,22,1,1,0,0,0
hackathon,100,15,0,0,1,0,0
workshop,100,30,1,0,0,1,1
hackathon,100,28,1,1,0,1,1
cultural,0,24,1,1,0,1,1
hackathon,100,8,0,1,1,0,0
hackathon,0,11,1,0,0,0,0
workshop,0,29,0,0,0,0,0
workshop,100,9,1,0,0,1,0
cultural,100,15,1,0,0,1,0
hackathon,0,1,1,1,0,1,1
hackathon,100,30,0,1,0,0,0
hackathon,100,1,0,1,1,0,0
cultural,100,19,1,1,0,1,0
cultural,300,3,1,0,0,1,1
workshop,0,10,0,1,0,0,1
workshop,300,8,0,1,0,0,0
workshop,100,15,0,0,1,0,0
hackathon,300,10,1,0,0,1,0
hackathon,100,1,0,1,0,0,1
workshop,300,29,1,0,0,1,0
hackathon,100,18,0,1,0,0,0
workshop,300,2,1,0,0,0,1
cultural,300,19,1,0,0,1,0
workshop,300,13,1,1,0,1,1
cultural,0,22,0,0,0,0,0
hackathon,300,1,0,1,0,0,1
workshop,0,2,0,0,0,0,0
hackathon,100,29,1,0,0,1,0
cultural,300,16,1,0,0,1,0
cultural,100,15,0,0,0,0,0
cultural,100,13,1,0,0,0,1
hackathon,300,16,1,1,0,1,0
hackathon,0,17,1,0,0,1,1
hackathon,300,21,0,1,0,0,0
hackathon,100,29,1,0,0,1,1
cultural,100,29,0,1,0,0,0
cultural,300,7,0,0,0,0,0
workshop,0,24,0,1,0,0,0
workshop,0,26,0,1,0,0,0
hackathon,100,17,0,0,0,0,0
cultural,100,7,1,0,1,1,0
cultural,0,13,0,0,0,0,0
cultural,300,5,0,1,0,0,1
workshop,100,26,0,1,0,0,0
workshop,0,17,1,0,0,0,0
cultural,100,3,1,0,0,0,1
cultural,300,7,1,1,0,0,1
cultural,0,26,1,1,0,1,0
workshop,100,17,0,0,0,0,0
cultural,300,7,0,1,0,0,1
cultural,100,21,1,0,0,1,1
hackathon,300,1,1,0,0,1,0
hackathon,300,17,1,0,0,1,0
workshop,0,30,1,1,0,1,0
cultural,300,17,0,1,0,0,1
cultural,100,11,1,1,0,1,0
hackathon,300,25,1,1,0,0,1
workshop,300,27,1,0,0,1,1
hackathon,0,29,1,1,0,1,1
hackathon,300,3,1,0,0,0,1
hackathon,300,15,1,0,0,0,0
hackathon,100,29,1,0,0,1,1
cultural,0,21,0,1,0,0,0
cultural,0,11,0,0,0,0,0
hackathon,0,26,0,0,0,0,0
workshop,300,28,0,1,0,0,0
workshop,0,16,0,0,0,0,0
workshop,300,25,0,1,0,0,0
workshop,300,22,1,1,1,1,0
hackathon,100,28,1,1,0,1,1
cultural,100,9,0,0,0,0,0
workshop,100,24,1,1,0,1,0
hackathon,100,24,0,1,0,0,0
workshop,100,1,1,1,0,1,1
workshop,300,29,1,1,0,1,1
hackathon,300,25,1,0,0,0,0
cultural,0,22,1,1,0,1,1
cultural,300,16,1,0,0,1,0
hackathon,300,9,1,1,0,1,1
cultural,100,19,0,0,0,0,0
hackathon,300,12,0,1,0,0,1
hackathon,100,19,1,0,0,1,1
hackathon,0,22,0,1,0,0,1
cultural,0,9,1,0,0,1,0
hackathon,300,7,0,0,0,0,0
workshop,0,14,1,0,0,1,0
cultural,300,29,0,1,0,0,0
cultural,0,19,1,0,0,1,0
cultural,100,19,0,0,0,0,0
cultural,100,2,1,0,0,1,0
workshop,100,9,0,0,0,0,1
cultural,100,13,1,1,0,1,1
cultural,300,15,1,0,1,1,0
hackathon,0,3,1,0,0,1,1
cultural,300,11,0,0,0,0,1
workshop,100,21,0,1,1,0,0
workshop,300,14,0,0,0,0,0
workshop,0,30,1,0,0,0,0
workshop,300,25,0,0,0,0,0
cultural,0,8,1,0,0,0,0
cultural,300,18,0,1,0,0,0
workshop,0,19,0,0,0,0,0
workshop,0,16,0,0,0,0,0
cultural,100,2,0,1,0,0,0
workshop,0,8,1,1,0,0,0
hackathon,100,22,0,1,0,0,0
workshop,100,6,0,0,0,0,0
workshop,100,12,1,1,0,1,1
hackathon,300,15,1,0,0,1,0
hackathon,300,25,0,1,0,0,1
cultural,300,8,0,0,0,0,1
cultural,300,4,1,1,0,1,1
hackathon,0,15,1,0,0,1,0
hackathon,0,28,1,1,0,1,1
cultural,300,20,0,0,0,0,0
workshop,0,25,0,0,0,0,0
hackathon,0,17,0,0,0,0,0
cultural,100,13,1,0,0,1,0
workshop,100,18,1,0,0,0,0
hackathon,100,2,1,0,0,1,1
workshop,100,13,0,0,0,0,1
cultural,0,13,1,0,0,1,1
hackathon,300,22,0,1,0,0,0
workshop,0,15,1,0,0,0,0
hackathon,0,20,0,0,0,0,0
workshop,0,29,0,1,0,0,1
cultural,100,27,1,0,0,0,1
cultural,100,10,0,1,0,0,0
hackathon,100,29,1,0,0,1,1
workshop,300,3,0,1,0,0,1
hackathon,0,19,1,1,0,0,1
hackathon,300,3,1,0,1,1,0
workshop,100,22,0,1,0,0,0
workshop,300,14,1,0,0,1,1
workshop,0,8,0,0,1,0,0
cultural,0,27,1,0,0,0,0
hackathon,100,23,1,0,0,0,0
hackathon,100,30,1,1,0,0,1
cultural,300,4,1,0,0,1,0
workshop,100,27,0,1,0,0,0
cultural,100,28,1,1,0,1,1
cultural,0,20,1,0,0,1,1
cultural,100,11,0,0,0,0,0
hackathon,100,26,0,0,0,0,0
cultural,0,11,0,0,1,0,0
hackathon,0,27,0,1,1,0,0
hackathon,300,30,0,0,0,0,1
hackathon,100,11,0,1,0,0,1
workshop,0,2,1,0,0,0,0
hackathon,300,30,0,0,1,0,0
hackathon,300,17,1,0,0,1,0
workshop,100,9,0,0,0,0,1
hackathon,100,28,1,1,0,1,1
cultural,300,28,1,1,0,1,1
cultural,0,2,1,0,0,1,1
hackathon,300,29,0,1,0,0,0
workshop,100,24,0,1,0,0,1
cultural,0,15,0,0,0,0,0
workshop,0,16,0,0,0,0,0
workshop,300,25,1,1,0,1,0
cultural,100,4,0,1,0,0,1
workshop,300,8,1,1,0,1,1
cultural,300,9,1,1,0,1,1
workshop,300,26,0,0,0,0,0
cultural,0,26,0,0,0,0,0
hackathon,0,5,0,1,0,0,1
cultural,100,16,1,0,0,1,0
cultural,100,13,0,1,0,0,0
cultural,300,30,1,1,0,1,0
cultural,300,7,0,0,0,0,0
workshop,300,26,1,1,0,1,1
hackathon,100,20,0,1,0,0,0
cultural,0,17,0,0,0,0,0
workshop,0,3,1,0,0,1,1
hackathon,300,5,0,1,0,0,0
hackathon,300,19,0,1,0,0,0
hackathon,300,12,0,0,0,0,0
hackathon,300,29,0,1,0,0,1
cultural,100,27,0,1,0,0,1
cultural,0,7,0,0,0,0,1
workshop,300,28,0,0,0,0,0
workshop,100,9,1,0,0,1,0
workshop,300,28,1,0,0,1,0
hackathon,300,6,0,0,0,0,1
hackathon,0,29,0,0,0,0,0
cultural,300,26,0,1,0,0,0
hackathon,0,17,1,1,0,0,0
hackathon,0,16,1,0,0,1,0
hackathon,0,23,0,0,0,0,0
workshop,100,3,1,1,0,1,1
workshop,100,21,0,1,0,0,1
cultural,0,26,0,1,0,0,1
hackathon,300,4,0,0,0,0,0
hackathon,0,10,0,0,0,0,0
cultural,300,5,1,1,0,1,1
hackathon,0,21,1,0,0,1,0
hackathon,300,22,0,0,0,0,0
workshop,100,30,1,0,0,1,1
cultural,300,10,1,1,0,0,1
cultural,0,12,0,1,1,0,0
cultural,100,10,1,0,0,1,0
cultural,300,29,0,0,0,0,0
workshop,300,13,0,0,0,0,1
workshop,300,11,0,0,0,0,0
hackathon,300,22,0,0,0,0,0
hackathon,300,16,1,1,0,1,1
hackathon,100,8,0,0,0,0,1
hackathon,100,8,1,0,0,0,0
workshop,100,27,0,0,0,0,0
cultural,100,25,0,1,0,0,0
workshop,0,8,1,1,0,1,1
hackathon,100,13,0,0,0,0,1
workshop,300,27,1,1,0,1,1
cultural,300,2,1,1,0,1,1
cultural,100,30,0,1,0,0,0
workshop,300,30,0,1,0,0,0
workshop,100,12,0,1,0,0,1
workshop,300,10,0,1,0,0,1
hackathon,0,12,0,0,1,0,0
workshop,0,11,0,1,1,0,0
workshop,100,15,1,1,0,1,1
workshop,100,16,1,0,0,1,0
cultural,100,17,0,0,0,0,1
cultural,300,26,1,0,0,1,1
hackathon,100,2,1,0,0,1,1
hackathon,0,18,0,1,0,0,0
cultural,300,12,0,1,1,0,0
cultural,100,19,1,1,0,1,1
cultural,300,26,0,1,0,0,0
workshop,300,23,1,0,0,1,0
workshop,100,18,0,1,0,0,1
cultural,300,30,1,1,0,0,0
workshop,0,17,1,0,0,0,0
workshop,0,30,1,1,0,1,0
hackathon,300,6,1,1,0,1,1
cultural,100,25,0,1,0,0,1
cultural,300,15,0,1,0,0,0
workshop,0,3,1,0,0,1,0
cultural,300,6,1,0,0,1,1
hackathon,300,3,0,0,0,0,0
hackathon,0,30,0,0,0,0,0
hackathon,300,29,1,0,0,1,0
cultural,300,1,1,1,0,1,1
cultural,100,30,1,1,0,0,0
cultural,100,13,1,0,0,0,0
cultural,0,28,1,0,0,1,1
cultural,0,21,0,0,0,0,0
hackathon,0,26,1,1,0,1,0
workshop,100,14,0,0,0,0,0
hackathon,0,13,0,1,0,0,1
cultural,0,27,0,1,0,0,0
hackathon,0,4,1,1,1,1,0
cultural,100,7,0,1,0,0,1
cultural,300,22,0,0,0,0,0
hackathon,0,10,0,1,0,0,0
cultural,300,7,0,1,1,0,0
workshop,0,21,1,0,0,1,0
cultural,300,15,1,1,0,0,1
workshop,100,15,0,1,0,0,0
workshop,100,4,0,1,1,0,0
cultural,0,23,1,0,0,1,1
hackathon,300,23,1,1,0,0,0
workshop,100,6,1,1,0,1,1
hackathon,0,24,0,0,0,0,0
workshop,0,20,1,0,0,0,0
cultural,100,26,0,1,0,0,0
cultural,100,5,0,1,0,0,1
workshop,0,20,1,0,0,1,0
cultural,300,12,0,1,0,0,1
workshop,300,1,1,0,0,0,1
cultural,300,28,0,1,0,0,0
hackathon,0,8,1,0,0,1,0
cultural,100,1,0,1,1,0,0
hackathon,0,5,0,0,0,0,0
cultural,100,22,1,0,0,1,1
hackathon,300,6,1,0,0,1,1
cultural,300,29,1,0,0,0,0
hackathon,100,21,1,0,0,1,0
workshop,100,3,0,1,0,0,0
workshop,0,15,1,1,0,0,0
hackathon,300,5,1,0,0,0,0
cultural,0,28,0,1,0,0,0
hackathon,0,24,1,1,1,0,0
cultural,0,14,1,1,0,1,1
workshop,300,18,0,1,1,0,0
cultural,0,16,1,1,1,1,0
workshop,0,6,1,1,0,1,0
cultural,0,25,1,0,0,1,0
cultural,0,24,1,1,0,0,0
cultural,0,14,1,1,0,0,0
hackathon,0,27,1,1,0,1,1
hackathon,300,24,0,0,1,0,0
workshop,0,8,1,1,0,1,1
workshop,100,29,0,1,0,0,0
hackathon,0,7,0,1,0,0,0
workshop,0,8,0,0,0,0,1
hackathon,300,13,0,1,0,0,1
cultural,300,6,1,0,0,1,1
workshop,100,18,1,1,0,1,0
workshop,100,2,1,0,0,1,1
hackathon,300,8,0,0,0,0,1
workshop,300,11,1,0,0,1,0
workshop,0,1,1,1,0,1,1
cultural,300,22,1,0,0,1,1
workshop,100,29,0,0,0,0,0
cultural,0,6,0,0,0,0,0
hackathon,100,16,1,0,0,0,0
workshop,0,27,0,1,0,0,1
cultural,300,20,0,1,0,0,1
hackathon,100,12,1,1,0,1,1
workshop,0,11,0,1,0,0,0
hackathon,0,29,0,0,0,0,0
workshop,300,27,1,1,0,1,1
hackathon,300,29,0,0,1,0,0
hackathon,300,10,0,1,0,0,0
cultural,100,3,0,1,0,0,0
hackathon,0,13,0,1,0,0,0
workshop,300,27,0,0,0,0,0
workshop,100,3,0,1,1,0,0
cultural,100,15,0,1,0,0,0
workshop,100,16,0,1,1,0,0
workshop,300,29,1,0,0,1,0
workshop,300,13,1,1,0,0,0
hackathon,0,17,1,1,0,1,1
hackathon,0,3,1,0,0,1,1
workshop,300,20,0,0,0,0,0
cultural,100,11,1,1,0,1,1
hackathon,100,27,1,1,0,1,1
cultural,100,21,0,1,0,0,0
workshop,0,19,0,0,0,0,0
workshop,100,22,0,0,0,0,0
hackathon,0,11,0,0,0,0,1
workshop,0,30,0,1,0,0,1
hackathon,100,28,1,0,0,1,0
workshop,100,16,0,1,0,0,1
workshop,300,21,1,0,0,0,0
hackathon,300,3,1,0,0,1,1
hackathon,100,22,0,0,0,0,0
hackathon,0,6,1,1,0,1,1
workshop,0,14,1,1,0,1,1
workshop,0,24,0,1,0,0,0
cultural,0,18,1,1,0,1,0
hackathon,0,17,1,0,0,1,0
workshop,300,4,1,1,0,1,1
workshop,100,23,0,0,0,0,1
hackathon,300,15,0,1,0,0,0
cultural,0,11,0,1,0,0,1
hackathon,0,26,1,0,0,1,0
cultural,0,3,0,0,0,0,0
workshop,0,3,1,1,0,1,1
cultural,100,16,0,1,0,0,0
workshop,0,5,1,0,0,1,0
hackathon,100,21,0,0,1,0,0
hackathon,0,29,0,0,0,0,0
hackathon,100,10,1,0,0,1,1
cultural,300,19,0,0,0,0,0
workshop,0,25,1,1,0,1,1
hackathon,100,4,0,1,0,0,1
hackathon,300,29,0,1,1,0,0
workshop,0,29,1,1,0,1,1
hackathon,0,19,1,0,0,0,0
workshop,0,11,1,0,0,1,1
workshop,100,2,0,0,0,0,0
workshop,100,10,1,1,1,1,0
workshop,300,29,0,0,0,0,0
workshop,100,11,1,0,0,1,1
cultural,100,25,1,1,0,1,1
hackathon,0,20,1,1,0,1,1
cultural,0,16,1,1,0,0,0
hackathon,0,19,1,0,0,1,0
cultural,0,23,1,0,0,1,1
workshop,0,24,0,1,0,0,1
hackathon,0,11,1,1,1,0,0
hackathon,0,14,0,0,0,0,1
cultural,300,2,1,1,0,1,1
cultural,300,23,1,0,0,0,0
hackathon,300,28,1,1,0,1,1
cultural,300,5,0,1,0,0,1
cultural,0,27,0,1,0,0,0
cultural,300,5,1,0,0,1,0
workshop,0,19,0,0,0,0,0
workshop,300,21,1,1,0,1,1
cultural,100,12,1,0,0,1,1
cultural,300,18,0,1,0,0,1
workshop,300,4,0,1,0,0,0
workshop,0,22,0,0,0,0,0
hackathon,300,17,0,0,1,0,0
hackathon,100,10,1,0,0,1,1
workshop,0,20,0,0,0,0,0
cultural,0,6,0,1,0,0,1
cultural,300,25,1,0,0,0,0
cultural,0,14,0,0,0,0,1
cultural,0,11,0,1,1,0,0
hackathon,0,11,0,1,1,0,0
workshop,0,29,0,1,0,0,0
cultural,0,18,1,1,0,1,1
hackathon,0,27,1,0,0,1,1
cultural,100,23,0,0,0,0,0
workshop,300,22,0,1,0,0,0
hackathon,100,18,1,1,0,1,1
workshop,0,24,0,0,0,0,0
workshop,0,23,0,0,0,0,1
hackathon,300,11,0,0,0,0,0
hackathon,100,21,0,0,1,0,0
hackathon,300,12,0,0,0,0,0
hackathon,100,5,0,1,0,0,1
hackathon,0,23,0,1,1,0,0
hackathon,300,9,0,1,0,0,1
hackathon,300,27,0,1,0,0,0
cultural,0,25,1,0,0,1,1
workshop,300,9,1,1,0,1,1
hackathon,100,22,1,0,0,1,1
cultural,100,10,0,0,0,0,0
cultural,100,22,0,0,0,0,0
cultural,100,19,1,0,0,0,0
workshop,0,1,0,0,0,0,1
hackathon,300,7,1,0,0,1,1
cultural,100,4,0,0,0,0,0
workshop,0,1,1,1,0,1,1
workshop,300,15,1,0,0,1,0
workshop,300,8,1,1,0,1,1
cultural,0,12,0,1,0,0,0
hackathon,0,22,1,0,1,1,0
cultural,100,22,0,0,0,0,0
cultural,300,18,0,1,0,0,0
hackathon,300,15,0,1,0,0,0
hackathon,0,17,0,1,0,0,1
hackathon,300,29,0,1,0,0,0
workshop,100,14,0,0,0,0,0
hackathon,300,14,0,0,0,0,1
cultural,0,18,1,0,0,1,0
hackathon,0,20,1,1,0,1,1
cultural,100,18,1,0,0,0,0
workshop,100,16,0,1,0,0,1
cultural,300,1,0,0,0,0,1
cultural,300,23,0,1,1,0,0
hackathon,0,27,0,0,0,0,0
hackathon,100,11,1,0,0,0,1
cultural,100,15,0,1,0,0,0
hackathon,100,12,1,1,1,1,0
workshop,300,8,0,1,1,0,0
workshop,100,22,1,1,1,1,0
hackathon,0,20,0,1,0,0,0
workshop,0,30,1,0,0,0,0
hackathon,300,6,0,1,0,0,1
cultural,300,3,1,0,0,1,1
cultural,100,28,0,0,0,0,0
workshop,300,24,1,0,0,0,0
hackathon,0,26,1,0,0,0,0
hackathon,100,30,0,0,0,0,0
workshop,0,13,1,1,0,0,0
cultural,100,13,0,1,0,0,0
workshop,300,2,0,0,0,0,0
cultural,100,5,0,0,0,0,1
hackathon,100,17,1,1,0,0,1
cultural,0,6,1,1,0,1,1
workshop,0,2,0,0,0,0,0
hackathon,100,4,0,1,0,0,0
workshop,300,22,1,1,0,0,0
workshop,300,26,1,1,0,1,1
cultural,0,11,1,0,0,1,1
workshop,300,8,0,1,1,0,0
cultural,0,12,0,0,0,0,0
hackathon,300,8,0,0,0,0,0
cultural,100,11,0,0,0,0,0
hackathon,0,22,0,0,0,0,0
cultural,0,20,1,0,0,0,0
workshop,100,8,0,1,0,0,1
cultural,0,29,1,0,0,1,0
cultural,300,8,1,0,1,1,0
hackathon,300,26,0,0,1,0,0
workshop,0,30,1,1,0,1,1
cultural,300,17,0,1,0,0,0
workshop,0,20,1,1,1,0,0
cultural,100,20,0,1,0,0,0
cultural,0,23,0,1,0,0,0
workshop,100,16,1,1,0,1,0
cultural,300,14,0,1,0,0,1
workshop,100,30,1,0,0,1,0
cultural,300,11,0,0,0,0,1
hackathon,0,7,0,1,0,0,1
workshop,300,16,0,0,1,0,0
cultural,0,13,1,0,0,1,1
cultural,0,27,1,1,0,0,0
hackathon,100,15,0,0,0,0,0
workshop,100,24,1,0,0,1,1
cultural,100,16,0,1,0,0,1
hackathon,100,27,1,0,0,1,0
cultural,300,21,1,1,0,0,0
workshop,300,23,0,1,0,0,1
cultural,300,24,0,0,0,0,1
cultural,0,9,0,0,0,0,0
cultural,300,3,0,0,0,0,1
cultural,300,19,0,1,0,0,1
hackathon,300,20,1,1,0,1,1
hackathon,100,5,1,1,0,1,1
workshop,300,10,0,0,0,0,0
hackathon,0,17,0,0,0,0,0
hackathon,100,15,0,1,1,0,0
workshop,0,23,1,0,0,0,0
hackathon,300,25,0,0,0,0,0
hackathon,100,8,0,1,0,0,0
workshop,0,15,1,1,0,1,0
workshop,300,21,1,0,0,1,1
workshop,0,30,1,1,0,1,1
cultural,0,14,1,0,0,0,0
cultural,0,20,0,1,0,0,0
workshop,300,28,1,1,0,1,0
workshop,300,7,1,1,0,0,1
workshop,0,21,0,0,0,0,0
cultural,100,23,0,0,0,0,0
cultural,100,12,0,1,0,0,1
hackathon,300,17,1,1,0,1,0
hackathon,300,17,0,1,0,0,0
workshop,300,10,1,0,0,0,1
cultural,300,30,1,1,0,1,0
cultural,300,29,1,1,0,1,1
cultural,100,19,0,1,1,0,0
workshop,300,14,1,1,0,1,1
hackathon,0,11,0,0,1,0,0
workshop,0,2,0,0,0,0,0
hackathon,100,18,0,1,1,0,0
hackathon,0,7,1,0,0,1,0
workshop,100,12,1,0,0,1,0
hackathon,100,26,1,0,0,0,0
hackathon,0,2,0,1,0,0,0
cultural,300,27,1,0,0,1,1
hackathon,0,20,1,0,0,1,0
workshop,0,18,1,0,0,1,0
workshop,100,6,1,1,0,0,1
hackathon,0,24,1,1,0,1,0
cultural,100,10,0,0,0,0,0
cultural,300,20,0,0,0,0,0
hackathon,300,15,0,1,0,0,0
hackathon,300,5,0,1,0,0,0
workshop,0,20,1,0,0,0,0
hackathon,100,3,0,0,1,0,0
cultural,300,5,1,1,0,1,1
hackathon,100,30,0,1,0,0,0
workshop,100,25,0,0,0,0,0
workshop,300,8,0,1,0,0,0
workshop,300,8,1,0,0,1,1
workshop,100,8,1,0,0,1,1
workshop,300,12,0,0,0,0,0
hackathon,100,24,1,1,0,1,1
hackathon,100,23,0,0,0,0,0
hackathon,300,8,0,0,0,0,1
hackathon,0,11,0,1,0,0,0
workshop,300,14,1,1,0,0,1
cultural,0,8,0,0,0,0,0
hackathon,100,29,0,0,0,0,0
cultural,100,30,0,1,0,0,0
hackathon,0,24,1,1,0,1,1
hackathon,100,28,0,1,0,0,0
cultural,0,10,1,0,0,0,0
workshop,0,7,0,0,0,0,0
hackathon,100,28,1,0,0,0,0
hackathon,0,17,0,1,0,0,0
hackathon,300,4,0,0,0,0,0
cultural,300,29,1,1,0,1,0
workshop,100,13,1,0,0,0,1
cultural,100,4,0,1,0,0,0
cultural,0,5,1,0,0,1,1
workshop,0,26,0,0,0,0,0
cultural,0,22,0,1,0,0,0
workshop,0,4,0,1,0,0,1
hackathon,300,18,1,0,0,1,1
workshop,300,6,0,1,0,0,1
hackathon,100,24,1,1,0,0,0
cultural,0,24,0,0,0,0,0
cultural,0,23,1,1,0,1,1
hackathon,100,22,1,0,0,1,1
cultural,0,2,0,0,0,0,0
workshop,0,23,1,1,0,1,1
hackathon,0,11,0,1,0,0,1
cultural,0,28,0,0,0,0,1
hackathon,0,14,0,0,0,0,0
workshop,100,30,0,0,0,0,0
workshop,0,5,0,0,0,0,0
cultural,100,6,1,0,0,1,0
workshop,0,10,0,0,0,0,0
hackathon,300,8,1,1,0,1,1
workshop,300,14,1,1,0,1,1
hackathon,300,24,0,1,0,0,1
hackathon,300,3,1,0,0,0,0
workshop,100,12,0,1,0,0,0
cultural,100,16,1,0,0,1,0
workshop,0,28,1,0,0,1,1
hackathon,300,30,1,1,0,1,1
hackathon,100,23,0,0,0,0,0
workshop,0,17,1,0,0,1,1
cultural,0,1,0,0,0,0,1
cultural,100,23,1,0,0,1,0
hackathon,300,10,1,0,0,1,0
hackathon,0,25,1,0,0,1,0
cultural,300,23,1,1,0,1,0
workshop,300,10,0,0,0,0,0
hackathon,300,21,0,0,0,0,0
hackathon,0,24,1,0,0,1,1
cultural,300,2,1,0,0,0,0
workshop,0,9,0,1,0,0,0
cultural,300,22,0,1,0,0,0
workshop,0,13,0,0,0,0,0
workshop,300,25,0,0,0,0,0
workshop,100,16,1,0,0,1,0
hackathon,300,18,1,1,0,1,1
cultural,300,19,0,1,0,0,1
cultural,0,12,0,1,0,0,1
workshop,0,8,0,1,0,0,0
hackathon,300,17,0,0,0,0,0
hackathon,100,15,0,1,0,0,1
cultural,100,10,0,1,0,0,1
hackathon,0,15,1,0,0,1,0
hackathon,100,15,1,0,0,0,0
workshop,300,23,1,1,0,1,0
hackathon,0,7,0,1,0,0,1
workshop,300,13,0,1,0,0,0
cultural,0,17,0,1,0,0,0
hackathon,0,9,1,0,0,1,0
cultural,0,8,0,0,0,0,0
cultural,0,20,0,1,0,0,0
hackathon,100,26,1,1,0,1,0
hackathon,300,27,0,1,1,0,0
cultural,300,21,1,1,0,1,1
hackathon,300,18,1,1,0,1,1
workshop,0,13,0,0,0,0,1
workshop,100,16,1,0,1,0,0
hackathon,300,9,0,0,0,0,0
cultural,100,12,1,1,0,1,1
hackathon,0,12,0,1,0,0,1
hackathon,300,6,1,0,0,1,0
cultural,100,19,0,0,0,0,0
cultural,0,28,1,1,0,0,1
workshop,100,7,1,0,0,0,0
cultural,300,25,1,1,0,1,1
workshop,300,3,0,1,0,0,1
cultural,0,16,0,0,0,0,0
hackathon,0,18,1,0,0,1,0
workshop,0,16,0,0,0,0,0
workshop,100,23,1,1,1,0,0
workshop,100,7,0,1,1,0,0
hackathon,100,4,1,0,0,0,0
hackathon,0,27,0,1,1,0,0
hackathon,300,25,1,1,0,1,1
hackathon,300,30,1,1,0,1,1
hackathon,100,8,1,0,0,1,1
workshop,100,13,1,1,1,1,0
hackathon,300,13,0,0,0,0,1
workshop,300,17,1,0,0,1,1
hackathon,100,17,0,1,0,0,0
cultural,100,5,0,0,0,0,0
workshop,300,6,1,1,0,0,0
cultural,0,19,0,0,0,0,0
workshop,100,13,0,0,0,0,1
cultural,300,25,0,1,0,0,0
hackathon,300,28,1,0,0,1,1
hackathon,300,26,0,0,0,0,0
hackathon,300,14,0,0,0,0,0
workshop,0,22,1,1,0,1,1
cultural,300,4,1,1,0,1,0
hackathon,100,28,0,0,0,0,0
cultural,0,7,1,0,0,1,0
cultural,300,8,0,0,0,0,0
hackathon,0,25,0,1,0,0,0
hackathon,100,13,0,1,0,0,1
cultural,300,27,1,0,0,1,0
hackathon,100,6,0,1,0,0,1
hackathon,300,6,1,1,0,1,1
hackathon,300,24,1,1,0,1,1
workshop,300,28,0,1,0,0,0
cultural,300,21,1,0,1,1,0
cultural,300,30,1,1,0,1,0
workshop,0,3,1,1,1,1,0
cultural,300,28,1,0,0,1,1
hackathon,300,3,1,0,0,1,0
cultural,0,13,0,1,0,0,0
hackathon,0,22,1,1,0,0,0
workshop,0,2,0,0,0,0,0
hackathon,0,16,0,0,0,0,1
cultural,0,22,0,0,0,0,0
cultural,0,29,0,1,0,0,0
cultural,300,6,0,1,1,0,0
workshop,300,8,0,0,0,0,0
workshop,100,23,1,1,0,1,0
cultural,300,8,1,0,1,0,0
hackathon,300,30,1,1,0,0,0
workshop,0,25,0,0,0,0,0
cultural,0,6,1,0,0,0,0
cultural,300,14,1,1,0,1,1
workshop,100,3,1,1,0,1,0
workshop,0,10,0,1,0,0,1
workshop,300,3,1,1,0,1,1
hackathon,300,27,0,1,0,0,1
hackathon,100,12,1,1,0,0,1
cultural,100,17,0,0,0,0,1
workshop,0,27,0,1,1,0,0
hackathon,100,29,0,0,0,0,0
workshop,300,5,1,0,0,1,1
cultural,300,30,1,1,0,1,1
hackathon,100,20,0,0,0,0,0
hackathon,100,25,1,0,0,1,1
hackathon,100,9,0,1,0,0,0
cultural,100,30,0,1,0,0,0
workshop,0,21,1,1,0,1,0
hackathon,100,26,1,0,0,0,0
cultural,0,20,1,1,1,0,0
workshop,300,7,0,1,1,0,0
cultural,100,22,0,1,0,0,0
workshop,0,4,1,1,0,1,1
cultural,100,13,0,0,0,0,0
workshop,300,13,1,1,0,1,1
hackathon,300,10,0,0,0,0,1
workshop,300,18,1,1,0,1,1
cultural,100,17,1,0,0,0,0
cultural,100,20,0,0,0,0,0
workshop,0,20,1,0,0,1,1
hackathon,300,13,1,1,0,1,1
hackathon,100,17,0,0,0,0,0
workshop,300,22,1,1,0,1,1
workshop,300,4,0,1,0,0,0
cultural,0,1,1,1,0,1,1
hackathon,0,1,0,1,0,0,0
workshop,0,15,1,1,0,1,1
hackathon,0,13,1,0,0,1,1
workshop,300,17,1,1,0,1,1
workshop,0,24,1,0,0,0,0
hackathon,0,26,0,0,0,0,0
workshop,0,8,0,0,1,0,0
workshop,0,18,0,0,0,0,0
cultural,300,27,0,0,0,0,0
workshop,0,13,0,0,1,0,0
workshop,300,23,0,0,0,0,0
workshop,100,14,0,1,0,0,1
cultural,300,8,1,0,0,1,0
hackathon,300,8,1,1,0,1,1
cultural,0,27,1,0,0,1,0
cultural,100,26,1,0,0,0,0
hackathon,100,15,0,0,0,0,0
cultural,100,27,0,0,0,0,0
hackathon,100,13,0,1,0,0,1
cultural,300,7,1,1,0,1,1
hackathon,100,5,0,1,0,0,1
workshop,300,17,1,0,0,0,0
cultural,300,28,0,0,0,0,0
cultural,300,25,0,0,0,0,0
cultural,100,29,0,1,0,0,0
cultural,0,16,0,0,0,0,0
workshop,0,23,1,1,0,1,1
cultural,100,2,1,1,0,1,1
workshop,0,22,0,0,0,0,0
workshop,0,18,1,0,0,0,0
workshop,300,17,0,1,0,0,1
workshop,300,30,0,1,0,0,1
hackathon,100,7,0,1,1,0,0
hackathon,100,13,0,0,0,0,1
cultural,0,18,1,0,0,1,0
hackathon,300,29,0,0,0,0,0
hackathon,100,14,0,0,0,0,1
cultural,100,30,1,0,0,1,0
cultural,100,18,0,0,1,0,0
cultural,100,13,1,1,0,1,1
hackathon,100,11,0,1,0,0,1
hackathon,100,21,0,1,0,0,0
cultural,0,30,0,0,0,0,0
workshop,300,21,0,1,0,0,0
cultural,300,16,0,0,0,0,0
workshop,100,23,0,0,0,0,0
workshop,300,17,1,1,0,1,1
cultural,300,8,0,0,0,0,0
cultural,300,19,1,1,0,1,1
cultural,100,20,1,1,0,1,0
hackathon,100,15,0,0,0,0,0
workshop,300,9,1,1,0,1,1
hackathon,300,20,0,1,1,0,0
hackathon,100,10,1,1,0,1,1
cultural,0,12,0,1,0,0,1
hackathon,300,21,1,0,1,1,0
cultural,0,23,1,1,0,1,0
workshop,300,20,0,1,0,0,0
cultural,0,30,1,1,0,1,1
hackathon,0,1,0,0,0,0,0
hackathon,0,25,0,1,0,0,0
cultural,100,20,0,0,0,0,1
cultural,0,9,0,1,0,0,1
hackathon,0,22,0,1,0,0,0
workshop,0,15,1,1,0,1,1
workshop,300,1,1,0,1,1,0
cultural,0,12,1,0,0,1,0
workshop,300,3,0,0,0,0,0
hackathon,0,11,1,0,0,1,0
cultural,0,2,1,0,0,1,1
hackathon,100,16,1,0,0,1,0
hackathon,300,9,1,1,0,0,0
workshop,0,15,1,0,0,1,1
cultural,300,12,0,1,0,0,0
cultural,300,1,0,0,0,0,1
workshop,100,13,1,0,0,0,0
hackathon,100,14,0,0,0,0,0
hackathon,100,25,0,1,0,0,1
hackathon,100,25,1,0,0,1,0
hackathon,100,8,1,0,1,1,0
cultural,100,8,0,1,1,0,0
cultural,100,27,1,1,0,1,1
workshop,100,30,0,1,0,0,1
workshop,0,12,0,1,0,0,1
cultural,300,1,1,0,0,0,1
cultural,100,11,0,1,0,0,0
hackathon,100,8,0,0,0,0,0
hackathon,300,10,0,0,0,0,0
workshop,0,30,1,1,0,1,1
cultural,300,19,1,0,0,1,0
workshop,300,11,1,1,0,0,1
cultural,100,7,1,0,0,0,0
hackathon,300,11,0,1,0,0,1
workshop,300,17,1,1,0,1,1
workshop,100,1,1,1,0,1,1
cultural,100,26,1,1,0,0,1
hackathon,100,29,1,1,0,1,1
workshop,100,21,0,1,1,0,0
hackathon,300,21,0,0,0,0,0
workshop,300,8,0,0,0,0,1
hackathon,0,23,1,0,0,0,0
cultural,0,24,1,1,0,0,0
workshop,300,6,0,0,1,0,0
workshop,0,22,1,1,0,1,1
hackathon,300,18,1,0,0,1,1
hackathon,0,6,0,0,0,0,1
workshop,100,5,0,1,0,0,1
cultural,0,13,1,0,0,1,1
hackathon,100,19,1,0,0,0,0
hackathon,100,22,1,0,0,0,0
hackathon,100,8,0,1,0,0,1
workshop,100,9,0,0,0,0,0
workshop,0,17,0,1,0,0,0
workshop,300,3,0,0,0,0,0
workshop,100,19,1,0,0,1,1
cultural,0,11,0,0,0,0,1
cultural,100,24,0,0,0,0,0
workshop,0,17,1,1,0,1,1
cultural,0,21,1,0,0,0,0
hackathon,0,19,1,1,0,0,0
hackathon,300,2,0,1,0,0,0
hackathon,0,8,1,0,0,1,1
workshop,0,19,1,0,0,1,0
hackathon,300,7,0,1,0,0,0
cultural,300,28,0,1,0,0,1
workshop,0,27,1,0,0,1,0
cultural,300,17,0,0,0,0,0
hackathon,100,6,1,0,0,1,1
hackathon,100,19,1,0,0,1,1
hackathon,300,24,0,0,0,0,1
workshop,300,6,1,1,0,1,1
cultural,0,28,0,0,0,0,0
workshop,300,2,0,0,0,0,1
workshop,0,6,0,1,0,0,0
hackathon,100,23,1,0,1,1,0
workshop,300,5,0,0,1,0,0
workshop,0,19,0,1,0,0,0
hackathon,0,20,1,0,1,1,0
workshop,100,4,1,1,0,1,1
hackathon,300,22,1,0,0,1,0
hackathon,100,26,1,0,0,1,0
hackathon,0,17,0,0,1,0,0
hackathon,0,11,0,1,0,0,0
workshop,300,4,0,1,0,0,1
hackathon,0,26,1,1,0,0,1
hackathon,300,13,1,1,0,1,1
workshop,100,20,0,0,0,0,0
workshop,300,26,1,1,0,1,1
cultural,300,17,1,1,0,1,0
workshop,0,9,0,1,0,0,1
workshop,0,4,0,0,0,0,0
cultural,300,23,1,0,0,1,1
workshop,0,28,1,1,0,1,1
workshop,0,14,1,1,0,1,1
workshop,0,19,0,0,0,0,0
workshop,300,26,0,1,0,0,1
cultural,0,28,0,1,0,0,0
workshop,300,3,0,1,0,0,1
workshop,0,14,0,1,0,0,1
cultural,100,8,1,0,0,1,1
hackathon,0,24,1,0,0,1,1
cultural,0,27,1,0,0,1,0
hackathon,300,28,0,1,0,0,0
cultural,300,1,0,1,0,0,0
cultural,0,10,0,0,0,0,0
workshop,100,18,1,0,0,0,0
hackathon,0,16,0,0,0,0,0
workshop,0,8,0,1,0,0,1
hackathon,100,1,1,0,0,0,0
cultural,300,12,0,1,0,0,1
cultural,0,8,1,1,0,1,1
hackathon,300,24,0,0,0,0,0
workshop,300,16,0,0,0,0,0
workshop,100,18,1,1,0,1,1
workshop,100,4,1,0,0,1,1
workshop,300,6,1,0,0,1,1
cultural,0,12,1,1,0,1,1
cultural,300,27,1,1,0,1,1
cultural,0,9,1,1,0,1,1
cultural,0,15,0,1,0,0,0
cultural,100,16,0,1,0,0,1
workshop,0,24,1,0,0,0,0
workshop,0,12,0,1,0,0,0
workshop,300,24,1,1,0,1,0
workshop,100,23,0,1,0,0,0
cultural,0,14,1,0,0,1,1
cultural,0,13,0,1,1,0,0
cultural,100,25,0,1,0,0,0
hackathon,300,2,0,1,0,0,0
workshop,100,3,0,0,0,0,0
workshop,100,26,0,1,0,0,0
cultural,0,24,1,1,0,1,1
workshop,0,30,1,1,0,1,1
workshop,300,22,1,0,1,0,0
cultural,0,10,0,0,0,0,0
hackathon,0,9,1,0,0,0,1
hackathon,100,26,0,0,0,0,0
hackathon,0,20,0,1,0,0,0
cultural,300,8,0,1,0,0,0
workshop,100,10,1,0,0,1,0
cultural,300,19,0,0,0,0,1
cultural,100,3,1,1,0,0,1
